Unnamed: 0,Title,Rating,Votes,Duration,Genre
0,1. A Complete Unknown,7.4, (67K),2h 21m,Music
1,2. Better Man,7.6, (24K),2h 15m,Music
2,3. Maria,6.4, (19K),2h 4m,Music
3,4. Kneecap,7.6, (17K),1h 45m,Music
4,5. The Marching Band,7.4, (2.4K),1h 43m,Music
5,6. Descendants: The Rise of Red,4.7, (7K),1h 31m,Music
6,7. Back to Black,6.3, (26K),2h 2m,Music
7,8. This Is Me... Now,4.1, (7.1K),1h 5m,Music
8,9. Bob Marley: One Love,6.2, (34K),1h 47m,Music
9,10. Monsieur Aznavour,7.3, (2.3K),2h 13m,Music
10,11. Find Me Falling,6.3, (13K),1h 33m,Music
11,12. The Greatest Hits,6.2, (7.3K),1h 34m,Music
12,13. Soundtrack to a Coup d'Etat,7.7, (2.7K),2h 30m,Music
13,14. The Piano Lesson,6.2, (4.8K),2h 7m,Music
14,15. Standing on the Shoulders of Kitties,6.2, (518),1h 51m,Music
15,16. Midas Man,6.4, (1.5K),1h 52m,Music
16,17. Janis Ian: Breaking Silence,8.3, (48),1h 54m,Music
17,18. Pavements,7.0, (153),2h 8m,Music
18,19. Mogwai: If the Stars Had a Sound,7.5, (63),1h 32m,Music
19,20. The Colors Within,7.1, (894),1h 41m,Music
20,21. Doraemon the Movie: Nobita's Earth Symphony,6.6, (1.5K),1h 55m,Music
21,22. Stelios,7.3, (1.4K),2h 12m,Music
22,23. Nova & Alice,6.1, (278),1h 50m,Music
23,24. Yacht Rock: A Dockumentary,7.6, (1.8K),1h 35m,Music
24,25. Avicii - I'm Tim,7.8, (6.8K),1h 35m,Music
25,26. GHOST: Rite Here Rite Now,8.6, (2K),2h 25m,Music
26,28. Boléro,6.6, (758),2h,Music
27,29. Swamp Dogg Gets His Pool Painted,8.7, (46),1h 35m,Music
28,30. Amar Singh Chamkila,7.8, (16K),2h 25m,Music
29,31. The Greatest Night in Pop,7.9, (15K),1h 36m,Music
30,32. La Grande,8.9, (37),1h 35m,Music
31,33. Larger Than Life: Reign of the Boybands,6.8, (266),1h 35m,Music
32,34. Beatles '64,7.2, (2.5K),1h 46m,Music
33,35. Music by John Williams,8.2, (4.7K),1h 45m,Music
34,36. Música,6.4, (5K),1h 31m,Music
35,37. Given 3: To the Sea,9.0, (24),1h 20m,Music
36,38. Deaner '89,5.9, (416),1h 30m,Music
37,39. Elton John: Never Too Late,6.5, (1.9K),1h 42m,Music
38,40. Luther: Never Too Much,8.2, (811),1h 41m,Music
39,41. I Am: Celine Dion,7.7, (7.8K),1h 43m,Music
40,42. Don't Ever Stop,9.5, (24),1h 25m,Music
41,43. Gloria!,6.6, (971),1h 46m,Music
42,44. The Beach Boys,7.1, (2.1K),1h 53m,Music
43,45. ZEF: The Story of Die Antwoord,7.3, (781),1h 30m,Music
44,46. The Extraordinary Miss Flower,7.4, (20),1h 13m,Music
45,"47. Disco, Ibiza, Locomia",6.0, (1.5K),1h 44m,Music
46,48. Saturn Return,6.5, (1.2K),1h 49m,Music
47,49. Return of the King: The Fall and Rise of Elvis Presley,7.6, (1.9K),1h 30m,Music
48,50. Becoming Madonna,6.9, (193),1h 31m,Music
49,51. Blur: To the End,7.2, (664),1h 44m,Music
50,53. The Neon Highway,6.0, (486),1h 53m,Music
51,54. Beautiful Rebel,6.3, (990),1h 52m,Music
52,55. Eno,8.0, (298),1h 25m,Music
53,56. Singing in My Sleep,5.4, (94),1h 32m,Music
54,57. If Jack Reacher Could Sing,7.6, (12),31m,Music
55,58. Tears of Cem Karaca,7.2, (1.9K),2h 3m,Music
56,59. Gaga Chromatica Ball,8.1, (2K),1h 57m,Music
57,60. Diane Warren: Relentless,7.4, (57),1h 31m,Music
58,61. No Cap,5.9, (35),1h 48m,Music
59,62. Technoboys,5.2, (965),1h 49m,Music
60,63. Jung Kook: I Am Still,8.2, (7.5K),1h 30m,Music
61,65. Diddy: Summit to Plummet,2.2, (200),1h,Music
62,66. Movie Given Hiiragi Mix.,7.4, (151),1h 10m,Music
63,67. ABBA: Against the Odds,7.4, (405),1h 30m,Music
64,68. Rock Bottom,7.0, (41),1h 26m,Music
65,69. La guitarra flamenca de Yerai Cortés,7.3, (215),1h 35m,Music
66,70. Fidil Ghorm,7.8, (7),1h 26m,Music
67,71. Oshi no Ko: The Final Act,7.7, (104),2h 9m,Music
68,72. Bocchi the Rock! Re:,7.5, (152),1h 30m,Music
69,73. K3 en Het Lied van de Zeemeermin,6.2, (48),1h 44m,Music
70,74. Levoton Tuhkimo,6.4, (408),1h 28m,Music
71,75. Devo,7.3, (83),1h 30m,Music
72,76. No Hamburg No Beatles,6.6, (71),55m,Music
73,77. Andrea Bocelli 30: The Celebration,8.2, (151),2h 28m,Music
74,78. The World According to Allee Willis,7.8, (60),1h 37m,Music
75,81. PAPmusic - Animation for Fashion,1.0, (131),1h 25m,Music
76,82. Born to Be Wild: The Story of Steppenwolf,7.2, (37),1h 40m,Music
77,83. Andhagan,6.7, (1.2K),2h 22m,Music
78,84. Peaches Goes Bananas,6.1, (32),1h 13m,Music
79,85. Coven of the Black Cube,7.8, (19),1h 37m,Music
80,86. Teaches of Peaches,7.0, (257),1h 42m,Music
81,87. Bocchi the Rock! Re: Re:,8.0, (94),1h 17m,Music
82,88. Hyper: The Stevie Hyper D Story,8.8, (30),1h 31m,Music
83,89. Billie Eilish: HIT ME HARD AND SOFT - A Listening Experience,8.8, (31),1h,Music
84,"91. Düsseldorf, Skåne",5.3, (316),1h 34m,Music
85,92. SUGA: Agust D Tour 'D-DAY' the Movie,8.1, (1.2K),1h 24m,Music
86,93. Boxcutter,8.4, (11),1h 33m,Music
87,94. Bach - Ein Weihnachtswunder,6.2, (168),1h 29m,Music
88,95. Blackpink: World Tour - Born Pink,7.7, (273),1h 33m,Music
89,96. Stevie Van Zandt: Disciple,7.9, (662),2h 27m,Music
90,97. Bloody Bridget,7.1, (53),1h 21m,Music
91,"98. Iki Gözüm Ahmet, Sürgün",4.0, (139),1h 53m,Music
92,99. One-Way Ticket to the Other Side,9.4, (13),1h 15m,Music
93,100. Queen Rock Montreal,8.5, (776),1h 35m,Music
94,101. Glenn Fredly: The Movie,6.8, (121),2h 1m,Music
95,102. IVE: The 1st World Tour in Cinema,7.3, (51),1h 51m,Music
96,104. Torch Song,6.6, (32),1h 30m,Music
97,105. Buzzy Noise,6.0, (51),1h 59m,Music
98,107. New Wave,7.8, (45),1h 28m,Music
99,"109. RM: Right People, Wrong Place",8.2, (394),1h 20m,Music
100,110. Zim Zim Ala Kazim,3.5, (108),1h 40m,Music
101,111. Go Against the Flow,5.3, (147),1h 37m,Music
102,112. Art of a Hit,4.2, (215),1h 33m,Music
103,113. A Few Moments of Cheers,7.3, (25),1h 8m,Music
104,114. Seventeen Tour 'Follow' Again to Cinemas,8.2, (99),1h 43m,Music
105,115. Beethoven's Nine: Ode to Humanity,6.9, (22),1h 25m,Music
106,116. Blur: Live at Wembley Stadium,8.1, (87),2h 8m,Music
107,117. Hiçbir Sey Normal Degil,6.2, (64),1h 11m,Music
108,118. Louder: The Soundtrack of Change,6.4, (118),1h 1m,Music
109,119. Any Other Way: The Jackie Shane Story,8.5, (57),1h 38m,Music
110,120. End Game: Battle Rap Part 1,8.5, (307),1h 27m,Music
111,121. Swan Lake,7.5, (48),2h 25m,Music
112,123. Mylene Farmer - Nevermore - Le Film,8.7, (76),2h 5m,Music
113,124. Pagtatag! The Documentary,6.6, (192),1h 13m,Music
114,125. Do I Shock U Like Lightning,9.2, (22),1h 37m,Music
115,126. A Fragile Flower,8.6, (1.6K),1h 36m,Music
116,127. Samsara,8.8, (13),1h 20m,Music
117,128. Alien Weaponry: Kua Tupu Te Ara,6.8, (7),1h 39m,Music
118,129. Il segreto di Liberato,7.3, (215),1h 30m,Music
119,130. Music Shop Murthy,8.1, (2.3K),2h 7m,Music
120,133. Sabaton: The Tour to End All Tours,9.0, (67),1h 42m,Music
121,135. Laufey's A Night at the Symphony: Hollywood Bowl,9.3, (98),1h 38m,Music
122,"137. Mon Laferte, te amo",6.6, (185),1h 17m,Music
123,138. Kouté vwa,6.8, (46),1h 17m,Music
124,139. Michael Jackson: Ungloved,6.4, (22),1h,Music
125,140. This Is a Film About the Black Keys,8.3, (27),1h 30m,Music
126,141. For King + Country: A Drummer Boy Christmas - Live,8.1, (170),1h 30m,Music
127,142. Ruki vverkh!,5.5, (245),1h 42m,Music
128,143. Bratya,2.8, (117),1h 43m,Music
129,144. Son Sarki: Ahmet'in Türküsü,1.6, (109),1h 41m,Music
130,145. Lipstick on the Glass,4.6, (12),1h 56m,Music
131,146. The Gesuidouz,6.8, (53),1h 33m,Music
132,147. The Good Loan Sharks,5.0, (75),2h 2m,Music
133,148. John Williams in Tokyo,8.0, (15),1h 48m,Music
134,149. Nenormalnyy,6.5, (150),1h 43m,Music
135,150. Karaoké,5.6, (148),1h 29m,Music
136,151. Toxic Harmony,5.3, (28),1h 32m,Music
137,154. Amaltash,8.1, (145),1h 53m,Music
138,155. aespa: MY First page,8.3, (32),1h 50m,Music
139,157. Ressaca Bailada - Filme Concerto,6.8, (5),54m,Music
140,158. The Way of the Rain - Hope for Earth,8.7, (17),1h,Music
141,159. Whitney Houston - The Concert for a New South Africa (Durban),8.5, (149),1h 55m,Music
142,160. Aumenta que é Rock'n'Roll,7.1, (274),1h 52m,Music
143,162. Songs from the Hole,6.8, (10),1h 46m,Music
144,163. As We Speak,6.5, (130),1h 36m,Music
145,164. Hov1 4-ever,6.4, (73),1h 32m,Music
146,165. Usher: Rendezvous in Paris,7.9, (45),1h 28m,Music
147,167. Element of Crime in Wenn es dunkel und kalt wird in Berlin,7.4, (70),1h 34m,Music
148,169. Tudo por um Pop Star 2,5.7, (58),1h 14m,Music
149,171. Love Live! Nijigasaki High School Idol Club Final Chapter Part 1,7.0, (10),59m,Music
150,172. End Game: Battle Rap Part 2,8.5, (305),1h 39m,Music
151,173. Since Yesterday: The Untold Story of Scotland's Girl Bands,7.5, (56),1h 34m,Music
152,174. Yaremchuk: Nezrivniannyi svit krasy,8.6, (454),1h 32m,Music
153,175. Ett hjärta är alltid rött,7.1, (394),1h 43m,Music
154,177. Aespa World Tour in Cinemas,8.1, (102),2h 5m,Music
155,178. Riv i hjertet,7.9, (30),1h 47m,Music
156,179. NCT Dream Mystery Lab: Dream()Scape in Cinemas,8.8, (28),2h 18m,Music
157,180. Paul Anka: His Way,7.3, (11),1h 40m,Music
158,182. Je Paisa Bolda Hunda,8.6, (127),2h 16m,Music
159,183. Tur s Ivanushkami,5.3, (158),1h 51m,Music
160,184. 13 Lentes De Um Final Feliz (Documentário Completo),9.9, (36),6h 50m,Music
161,186. Harta Tahta Raisa,4.0, (71),1h 50m,Music
162,"189. Beyond, Ode to the Earth",6.7, (120),1h 17m,Music
163,190. Por tus muertos,3.3, (184),1h 34m,Music
164,192. The Pop Out: Ken & Friends,8.8, (136),4h 17m,Music
165,193. Ya Boy Kongming! Road to Summer Sonia,7.5, (39),1h 59m,Music
166,196. Los Bunkers: MTV Unplugged,8.7, (28),1h 39m,Music
167,199. It's Ok,8.2, (529),1h 30m,Music
168,200. Tesa Man,7.9, (14),1h,Music
169,205. Beethoven's Nine,7.6, (11),1h 30m,Music
170,206. Bass Impact,5.9, (52),1h 49m,Music
171,207. La Joia: Bad Gyal,5.8, (80),1h 32m,Music
172,211. Taeyong: TY Track in Cinemas,8.5, (235),1h 36m,Music
173,212. Nada Será Como Antes,7.1, (69),1h 19m,Music
174,217. American Mileage,7.3, (8),2h 1m,Music
175,218. Dread Zeppelin: A Song of Hope,7.6, (8),1h 26m,Music
176,219. Munda Rockstar,6.6, (363),2h 6m,Music
177,221. Pet Shop Boys Dreamworld: The Greatest Hits Live at the Royal Arena Copenhagen,8.3, (135),1h 55m,Music
178,223. Cao Bela,7.7, (10),1h 34m,Music
179,225. Live from Detroit: The Concert at Michigan Central,8.0, (11),1h,Music
180,226. To Freely Flourish,9.5, (11),40m,Music
181,227. Chicago & Friends in Concert,8.9, (12),2h 29m,Music
182,231. The Ballad of John and Yoko,8.4, (16),1h 41m,Music
183,232. Sanjalice,8.8, (12),1h 9m,Music
184,233. Janet Jackson: In Control,5.5, (8),1h,Music
185,235. Giannis Spanos: Piso ap' ti markiza,7.8, (15),1h 58m,Music
186,240. SDL A Batalha Musical,7.3, (41),1h 42m,Music
187,242. Patchwork Family,9.9, (7),56m,Music
188,246. Carmina Burana: Dancing in Defiance,8.4, (9),1h 12m,Music
189,248. Reba McEntire: Country Gold,7.4, (9),1h,Music
190,249. Galaxies,5.7, (7),1h 45m,Music
191,254. Babymetal: World Tour 2023 - 2024 Legend - MM,9.5, (8),3h,Music
192,255. Húszra lapot,8.3, (6),1h 24m,Music
193,260. Faders Up: The John Aielli Experience,9.0, (10),1h 15m,Music
194,267. André Rieu's 2024 Maastricht Concert: Power of Love,7.7, (9),3h,Music
195,275. Vavel the Band,9.4, (16),1h 17m,Music
196,280. All Access to Rossa 25 Shining Years,8.7, (65),1h 31m,Music
197,282. Pearl Jam - Dark Matter,5.8, (35),1h 37m,Music
198,283. Electric Callboy: Tekkno - Live in Europe,9.1, (23),1h 26m,Music
199,288. Ta decibel tou Lefkou Pyrgou,9.2, (8),1h 47m,Music
200,"294. Stop, noch",3.9, (8),1h 37m,Music
201,"296. Bryson, the Demon Slayer",4.5, (12),59m,Music
202,309. Sobreviure a l'incendi: El documental de ZOO,7.8, (6),1h 27m,Music
203,312. Imagine Dragons au Château de Chambord,7.6, (7),1h 35m,Music
204,327. Arno: Rock'n'Roll Godverdomme,7.8, (26),1h 30m,Music
205,336. Böhse Onkelz: 40 Jahre Onkelz - Live im Waldstadion,8.7, (9),3h 5m,Music
206,"345. Lupicinio Rodrigues, Confissões de um Sofredor",7.0, (5),1h 39m,Music
207,357. The Royal Edinburgh Military Tattoo 2023,7.0, (8),1h 40m,Music
208,410. Paranoid: 25 let,6.0, (7),51m,Music
209,415. Roméo et Juliette à l'Opéra Bastille,5.5, (13),2h 51m,Music
210,419. En kväll för LeMarc,7.2, (5),1h 28m,Music
211,424. Natanael Cano: Tumbado Tour 2024,2.4, (8),3h 17m,Music
212,426. Stay Homas. La banda que no hauria d'existir,7.0, (16),1h 22m,Music
